PO Number,Invoice Amount,Quantity Received,Payment Terms,Invoice Date,Delivery Date
PO-000762,1508112.0,208,Net 60,2026-04-05,2026-04-03
PO-000902,844668.02,59,Net 60,2026-03-23,2026-03-20
PO-000938,2457384.93,413,2/10 Net 30,2026-03-05,2026-03-05
PO-000442,1206428.16,153,Net 45,2026-03-27,2026-03-27
PO-000628,21686.18,35,Net 30,2026-06-02,2026-06-09
PO-000126,1092354.62,45,Net 30,2026-02-24,2026-03-02
PO-000166,2392658.38,424,2/10 Net 30,2026-04-14,2026-04-10
PO-000250,1090921.92,166,2/10 Net 30,2026-02-21,2026-02-24
PO-000518,1757268.31,459,Net 60,2026-02-15,2026-02-16
PO-000491,618281.9,16,Net 60,2026-05-09,2026-05-16
PO-000427,16990.92,432,Net 45,2026-05-18,2026-05-19
PO-000124,63387.63,96,Net 45,2026-04-06,2026-04-08
PO-000226,1007926.49,348,Net 60,2026-03-21,2026-03-24
PO-000646,2418798.65,339,Net 60,2026-05-15,
PO-000143,1258911.11,186,Net 60,2026-03-25,2026-03-30
PO-000791,1913942.44,433,Net 30,2026-04-13,2026-04-21
PO-000282,493164.87,134,Net 30,2026-02-20,2026-02-25
PO-000305,2452635.02,496,Net 30,2026-03-25,2026-03-17
PO-000984,645206.76,483,Net 30,2026-02-27,2026-02-27
PO-000553,1134475.0,395,Net 30,2026-03-10,2026-03-04
PO-000748,2137917.64,400,Net 60,2026-03-09,2026-03-10
PO-000856,854691.25,238,Net 30,2026-03-20,2026-03-13
PO-000585,1177103.58,334,Net 45,2026-06-02,2026-05-27
PO-000623,975481.18,135,Net 45,2026-05-21,2026-05-15
PO-000946,1315875.88,302,2/10 Net 30,2026-04-03,2026-04-01
PO-000001,573567.59,304,Net 45,2026-03-07,2026-03-17
PO-000949,1212168.62,235,2/10 Net 30,2026-05-25,2026-05-18
PO-000687,1013698.25,405,Net 45,2026-02-18,
PO-000604,1605786.13,213,2/10 Net 30,2026-02-21,
PO-000109,1153558.4,57,Net 30,2026-02-24,2026-02-23
PO-000316,879499.05,190,Net 30,2026-02-14,2026-02-11
PO-000864,41163.6,380,2/10 Net 30,2026-03-17,2026-03-11
PO-000359,1557183.04,452,2/10 Net 30,2026-05-17,2026-05-24
PO-000576,2192683.31,211,Net 60,2026-04-09,2026-04-14
PO-000152,1109570.55,193,2/10 Net 30,2026-04-30,2026-05-01
PO-000731,2113277.53,84,Net 30,2026-03-22,2026-03-25
PO-000228,1267170.15,225,Net 60,2026-03-07,2026-03-03
PO-000948,1058843.78,226,2/10 Net 30,2026-03-09,2026-03-15
PO-000868,853665.28,471,Net 60,2026-02-20,2026-02-15
PO-000596,154174.81,113,2/10 Net 30,2026-02-27,2026-03-02
PO-000015,322257.52,34,Net 30,2026-04-13,2026-04-21
PO-000490,480884.64,367,Net 60,2026-05-01,2026-05-02
PO-000019,1056810.17,305,Net 60,2026-04-03,2026-04-06
PO-000823,325933.23,439,2/10 Net 30,2026-05-11,2026-05-18
PO-000611,1995346.55,160,Net 60,2026-03-21,2026-03-24
PO-000034,1305071.42,338,Net 60,2026-04-08,2026-04-09
PO-000248,744287.81,480,Net 45,2026-02-17,2026-02-17
PO-000684,1396438.17,7,Net 45,2026-03-09,2026-03-08
PO-000550,1913017.1,391,Net 60,2026-05-31,2026-06-03
PO-000825,1544391.76,465,2/10 Net 30,2026-05-11,2026-05-12
PO-000772,139814.95,135,Net 45,2026-04-09,2026-04-10
PO-000556,2280675.82,309,Net 45,2026-02-13,2026-02-24
PO-000979,639258.54,46,Net 60,2026-05-20,2026-05-24
PO-000803,1226151.27,192,Net 45,2026-03-10,2026-03-13
PO-000115,98336.16,103,2/10 Net 30,2026-02-14,2026-02-13
PO-000454,956991.78,450,Net 30,2026-05-10,2026-05-11
PO-000308,1382958.44,194,Net 30,2026-04-25,2026-04-20
PO-000278,1440036.63,356,Net 30,2026-02-15,2026-02-10
PO-000255,842301.13,62,2/10 Net 30,2026-02-14,2026-02-19
PO-000729,904717.9,247,Net 30,2026-03-26,
PO-000409,1992027.71,531,Net 60,2026-03-27,2026-03-29
PO-000470,1276356.09,318,Net 30,2026-03-01,2026-03-06
PO-000318,1870546.3,212,Net 30,2026-03-06,2026-02-26
PO-000426,2431698.93,92,Net 30,2026-04-02,2026-04-10
PO-000273,1307511.31,468,Net 30,2026-03-06,2026-03-08
PO-000829,1774060.13,415,Net 60,2026-06-01,2026-06-05
PO-000750,429847.77,387,Net 30,2026-03-27,
PO-000186,539410.68,276,Net 30,2026-04-06,2026-04-07
PO-000638,2281566.75,367,2/10 Net 30,2026-04-30,2026-05-01
PO-000264,2221725.65,204,Net 30,2026-04-07,2026-04-11
PO-000866,1040920.78,361,Net 45,2026-05-05,2026-05-07
PO-000910,1821009.02,363,2/10 Net 30,2026-04-09,2026-04-17
PO-000723,17043.86,328,Net 60,2026-02-11,
PO-000414,174987.31,80,2/10 Net 30,2026-04-30,2026-04-28
PO-000815,1128999.0,448,2/10 Net 30,2026-03-04,2026-03-02
PO-000847,177274.86,488,Net 60,2026-03-18,2026-03-23
PO-000290,279139.75,483,Net 30,2026-04-06,2026-04-13
PO-000221,2197504.44,408,Net 30,2026-02-28,2026-02-23
PO-000544,1718601.02,129,Net 60,2026-05-25,2026-05-31
PO-000909,1821009.02,363,2/10 Net 30,2026-04-14,2026-04-18
PO-000872,1150677.46,208,Net 30,2026-02-20,2026-02-26
PO-000147,1698428.74,154,2/10 Net 30,2026-03-27,2026-04-01
PO-000759,2443938.35,380,Net 30,2026-02-05,2026-02-09
PO-000786,1658810.01,161,2/10 Net 30,2026-05-14,2026-05-12
PO-000078,1737480.39,59,Net 30,2026-04-20,2026-04-23
PO-000670,2312190.93,91,Net 30,2026-05-20,2026-05-21
PO-000095,2569257.42,358,2/10 Net 30,2026-03-12,2026-03-19
PO-000448,90634.8,105,Net 30,2026-03-13,2026-03-12
PO-000452,2007454.14,376,Net 45,2026-05-10,2026-05-05
PO-000086,518284.39,89,Net 30,2026-03-18,2026-03-19
PO-000498,1811135.7,100,Net 45,2026-02-14,2026-02-18
PO-000595,440846.92,392,Net 60,2026-04-21,2026-04-13
PO-000700,1041633.38,350,Net 45,2026-04-01,2026-03-30
PO-000339,1414336.47,153,2/10 Net 30,2026-03-14,2026-03-08
PO-000858,1170813.82,41,Net 45,2026-02-11,2026-02-20
PO-000831,448840.87,87,Net 30,2026-04-04,2026-04-06
PO-000089,1929325.73,40,Net 30,2026-03-21,2026-03-21
PO-000966,2250660.92,174,Net 60,2026-03-28,2026-04-09
PO-000160,1343882.58,103,Net 45,2026-03-03,2026-03-02
PO-000289,2443612.74,39,Net 30,2026-06-03,2026-06-10
PO-000133,775975.45,321,2/10 Net 30,2026-04-26,2026-05-03
PO-000400,1534445.89,304,Net 60,2026-05-07,2026-05-08
PO-000527,2469135.97,373,Net 45,2026-02-26,2026-02-19
PO-000293,1198377.44,330,2/10 Net 30,2026-02-12,2026-02-19
PO-000306,600259.25,164,Net 45,2026-05-17,2026-05-19
PO-000976,1228936.86,479,Net 60,2026-06-03,2026-06-16
PO-000073,471346.49,220,Net 60,2026-02-23,2026-02-24
PO-000927,1743828.68,455,Net 60,2026-02-22,2026-02-23
PO-000069,1086065.41,79,2/10 Net 30,2026-03-08,2026-03-08
PO-000534,1271596.56,441,Net 60,2026-05-28,2026-06-03
PO-000597,1328373.92,156,Net 30,2026-03-19,2026-03-19
PO-000581,780701.17,383,2/10 Net 30,2026-05-10,2026-05-10
PO-000446,1811374.54,492,Net 30,2026-04-16,2026-04-23
PO-000753,1903642.91,161,Net 30,2026-05-19,2026-05-26
PO-000655,160362.06,419,Net 45,2026-05-27,
PO-000053,258187.54,189,Net 45,2026-03-17,2026-03-14
PO-000461,1939871.96,237,2/10 Net 30,2026-05-25,2026-05-23
PO-000188,2455604.15,434,Net 30,2026-04-24,2026-04-27
PO-000304,1871401.85,66,Net 60,2026-05-20,2026-05-17
PO-000703,1742310.52,432,Net 45,2026-03-31,
PO-000717,1226418.17,309,Net 45,2026-03-17,2026-03-27
PO-000952,1866367.52,484,Net 60,2026-03-27,2026-03-27
PO-000499,474844.7,81,Net 45,2026-03-30,2026-04-05
PO-000223,1181826.22,19,Net 45,2026-03-01,2026-03-02
PO-000519,954174.5,344,Net 45,2026-05-31,2026-06-08
PO-000262,1170952.11,7,Net 60,2026-04-19,2026-04-23
PO-000193,2435869.08,190,Net 30,2026-04-23,2026-05-02
PO-000158,2002357.0,123,2/10 Net 30,2026-05-10,2026-05-05
PO-000752,2086938.01,195,Net 45,2026-04-17,2026-04-12
PO-000140,2431488.17,240,Net 60,2026-04-07,2026-03-31
PO-000876,2040012.57,357,2/10 Net 30,2026-05-13,2026-05-16
PO-000135,1280556.94,317,Net 30,2026-03-20,2026-03-23
PO-000277,580337.39,462,Net 60,2026-03-27,2026-03-25
PO-000247,1074060.77,73,2/10 Net 30,2026-03-27,2026-03-27
PO-000162,2342930.92,204,Net 30,2026-02-24,2026-03-05
PO-000765,817726.24,156,Net 60,2026-03-16,2026-03-25
PO-000685,598036.46,47,Net 45,2026-06-04,
PO-000559,1520155.84,192,Net 30,2026-05-12,2026-05-13
PO-000504,1647398.13,24,2/10 Net 30,2026-02-18,2026-03-01
PO-000575,468853.59,58,Net 30,2026-02-17,2026-02-23
PO-000060,703401.15,65,Net 30,2026-02-23,2026-03-07
PO-000625,2390481.05,222,Net 60,2026-03-21,2026-03-20
PO-000110,1118828.45,315,Net 45,2026-04-27,2026-04-24
PO-000706,2310367.04,365,2/10 Net 30,2026-03-28,
PO-000139,2310477.54,215,Net 60,2026-05-07,2026-05-11
PO-000267,2461607.07,60,Net 60,2026-04-09,2026-04-15
PO-000842,615770.51,256,Net 60,2026-03-13,2026-03-08
PO-000144,1551156.4,61,Net 30,2026-05-23,2026-05-22
PO-000083,57405.76,167,Net 45,2026-05-17,2026-05-13
PO-000691,277860.88,188,Net 30,2026-04-09,2026-04-09
PO-000028,1494322.14,278,Net 60,2026-04-04,2026-04-07
PO-000873,2407872.46,346,Net 30,2026-04-14,2026-04-15
PO-000260,1650219.66,312,2/10 Net 30,2026-05-01,2026-04-30
PO-000704,2245755.67,157,Net 30,2026-05-15,2026-05-19
PO-000682,100626.67,241,Net 60,2026-03-01,
PO-000901,844668.02,59,Net 60,2026-03-16,2026-03-23
PO-000800,1499753.38,396,2/10 Net 30,2026-02-24,2026-03-04
PO-000332,76719.4,26,2/10 Net 30,2026-02-08,2026-02-09
PO-000420,914863.67,148,Net 60,2026-02-10,2026-02-15
PO-000366,931869.07,146,Net 45,2026-05-16,2026-05-16
PO-000788,2156843.16,296,2/10 Net 30,2026-04-07,2026-04-04
PO-000356,1980421.82,197,2/10 Net 30,2026-02-18,2026-02-19
PO-000896,1726898.52,45,Net 30,2026-03-12,2026-03-19
PO-000563,2328733.81,55,2/10 Net 30,2026-03-01,2026-03-01
PO-000648,63898.83,304,Net 45,2026-05-09,
PO-000934,2080656.35,156,Net 45,2026-03-07,2026-03-06
PO-000951,1866367.52,484,Net 60,2026-03-24,2026-04-01
PO-000708,1436525.66,226,Net 30,2026-05-02,
PO-000357,2090381.96,29,Net 45,2026-03-12,2026-03-13
PO-000769,1149410.77,17,Net 45,2026-05-13,2026-05-18
PO-000052,344035.98,495,Net 45,2026-05-13,2026-05-10
PO-000649,769673.33,274,Net 60,2026-02-16,2026-02-16
PO-000187,1480872.5,496,Net 60,2026-04-12,2026-04-16
PO-000002,1806697.05,178,Net 60,2026-03-31,2026-03-27
PO-000393,2151181.62,253,2/10 Net 30,2026-02-21,2026-02-28
PO-000502,1940153.41,148,Net 30,2026-04-30,2026-05-05
PO-000664,1530318.52,46,Net 60,2026-03-19,2026-03-20
PO-000564,162782.2,174,Net 60,2026-05-20,2026-05-21
PO-000177,408472.24,70,Net 60,2026-03-01,2026-03-02
PO-000804,1707004.75,494,2/10 Net 30,2026-05-03,2026-05-05
PO-000735,1999793.08,139,2/10 Net 30,2026-03-08,
PO-000907,2059113.76,22,Net 60,2026-04-01,2026-04-09
PO-000644,833932.56,156,Net 45,2026-04-13,
PO-000165,537147.37,378,Net 45,2026-04-29,2026-04-30
PO-000734,1911841.1,307,Net 60,2026-03-06,2026-03-03
PO-000163,598643.33,309,Net 30,2026-05-24,2026-05-27
PO-000964,372881.99,373,Net 60,2026-05-02,2026-05-02
PO-000693,284337.42,245,Net 60,2026-03-03,2026-03-05
PO-000605,1136258.7,218,Net 60,2026-03-30,2026-03-29
PO-000590,163880.31,52,Net 45,2026-04-26,2026-05-02
PO-000209,68956.09,140,Net 45,2026-03-01,2026-02-25
PO-000272,119043.89,442,Net 60,2026-06-01,2026-06-08
PO-000880,55031.16,86,Net 45,2026-02-10,2026-02-23
PO-000661,2315379.32,362,Net 30,2026-03-17,2026-03-22
PO-000430,337242.76,297,Net 60,2026-05-28,2026-05-30
PO-000212,819454.56,139,Net 60,2026-05-21,2026-05-22
PO-000415,1414097.24,186,Net 30,2026-02-25,2026-02-21
PO-000542,1817835.29,335,Net 30,2026-04-29,2026-04-27
PO-000994,1129629.13,1,Net 45,2026-02-19,2026-02-19
PO-000992,1251330.72,401,2/10 Net 30,2026-05-24,2026-05-22
PO-000814,394977.19,265,Net 45,2026-03-12,2026-03-13
PO-000783,1005367.37,116,2/10 Net 30,2026-03-24,2026-03-16
PO-000408,1913302.97,246,Net 30,2026-04-15,2026-04-22
PO-000238,1482847.87,210,Net 60,2026-03-13,2026-03-18
PO-000489,825956.49,533,Net 60,2026-02-26,2026-03-02
PO-000217,2254112.66,195,Net 30,2026-02-27,2026-02-25
PO-000793,590706.51,123,Net 30,2026-05-22,2026-05-19
PO-000190,736509.73,466,Net 30,2026-06-04,2026-06-12
PO-000977,793797.4,132,Net 45,2026-05-23,2026-05-30
PO-000950,1212168.62,235,2/10 Net 30,2026-05-25,2026-05-25
PO-000637,1230397.21,74,2/10 Net 30,2026-03-28,
PO-000978,793797.4,132,Net 45,2026-05-27,2026-05-25
PO-000514,1119025.72,206,Net 30,2026-06-06,2026-06-11
PO-000365,24675.98,56,Net 60,2026-03-15,2026-03-15
PO-000407,114269.38,360,Net 60,2026-06-01,2026-05-25
PO-000329,642234.65,214,Net 30,2026-03-20,2026-03-24
PO-000425,1446789.27,368,Net 60,2026-05-17,2026-05-16
PO-000042,1227001.63,126,Net 60,2026-04-05,2026-04-06
PO-000874,2407872.46,346,Net 30,2026-04-14,2026-04-17
PO-000854,1891348.36,416,Net 45,2026-04-20,2026-04-19
PO-000271,478684.03,81,Net 60,2026-05-10,2026-05-11
PO-000121,865822.47,263,2/10 Net 30,2026-02-20,2026-02-22
PO-000327,1714501.67,472,2/10 Net 30,2026-04-29,2026-05-04
PO-000113,240307.03,298,Net 60,2026-03-02,2026-02-28
PO-000749,2049056.47,391,2/10 Net 30,2026-06-04,2026-06-12
PO-000560,1503240.81,5,Net 30,2026-05-06,2026-05-11
PO-000877,2145544.3,276,Net 60,2026-05-13,2026-05-21
PO-000650,844627.65,370,Net 60,2026-05-29,
PO-000899,897287.49,134,Net 30,2026-04-20,2026-05-01
PO-000018,1626095.63,136,Net 60,2026-03-12,2026-03-13
PO-000789,2022429.23,437,Net 60,2026-03-05,2026-03-07
PO-000894,1778607.27,492,Net 45,2026-04-20,2026-04-14
PO-000355,2462206.37,120,2/10 Net 30,2026-03-10,2026-03-09
PO-000300,1887.99,470,Net 30,2026-03-18,2026-03-21
PO-000885,999501.09,263,Net 60,2026-03-22,2026-03-30
PO-000634,2258527.04,395,Net 45,2026-02-28,2026-02-26
PO-000374,1008490.85,150,Net 30,2026-05-30,2026-06-04
PO-000360,1244598.79,266,2/10 Net 30,2026-05-16,2026-05-11
PO-000404,1867353.62,82,Net 60,2026-06-04,2026-05-30
PO-000341,906973.03,164,2/10 Net 30,2026-03-07,2026-03-17
PO-000956,1215070.89,406,Net 45,2026-05-19,2026-05-19
PO-000851,1281876.74,251,Net 30,2026-04-13,2026-04-10
PO-000970,2387943.23,278,Net 45,2026-03-29,2026-03-30
PO-000399,1545892.36,199,Net 45,2026-03-24,2026-04-02
PO-000050,726722.52,213,Net 45,2026-05-13,2026-05-23
PO-000826,214803.82,241,Net 30,2026-05-22,2026-05-26
PO-000487,55816.15,611,2/10 Net 30,2026-05-24,2026-05-22
PO-000712,739244.39,459,Net 45,2026-05-05,2026-05-07
PO-000660,940639.57,81,Net 30,2026-06-01,2026-05-31
PO-000928,1743828.68,455,Net 60,2026-02-19,2026-02-27
PO-000119,225362.91,168,Net 30,2026-03-14,2026-03-17
PO-000413,627093.69,107,Net 30,2026-03-07,2026-03-07
PO-000173,392882.27,438,Net 60,2026-03-29,2026-04-07
PO-000315,1959500.8,158,Net 45,2026-03-01,2026-03-01
PO-000164,2047883.35,240,2/10 Net 30,2026-04-30,2026-05-04
PO-000954,1429626.0,21,Net 30,2026-04-04,2026-04-03
PO-000455,621019.89,45,Net 60,2026-04-13,2026-04-20
PO-000663,2345254.98,313,Net 45,2026-03-15,
PO-000849,971563.0,207,Net 45,2026-04-28,2026-05-01
PO-000107,1175441.96,3,Net 60,2026-02-07,2026-02-11
PO-000681,556405.32,475,Net 45,2026-03-28,2026-03-19
PO-000085,340297.55,262,2/10 Net 30,2026-05-14,2026-05-20
PO-000416,1780641.72,242,Net 45,2026-04-13,2026-04-10
PO-000210,1435215.67,195,Net 30,2026-05-26,2026-06-03
PO-000515,16918.79,132,Net 60,2026-05-06,2026-05-18
PO-000855,854691.25,238,Net 30,2026-03-10,2026-03-15
PO-000473,678484.63,170,Net 45,2026-03-04,2026-03-03
PO-000040,1580172.02,121,Net 30,2026-03-17,2026-03-25
PO-000645,201601.73,236,Net 45,2026-02-28,
PO-000776,586937.91,160,Net 45,2026-03-20,2026-04-01
PO-000449,1013924.69,85,Net 45,2026-03-29,2026-03-29
PO-000253,706124.21,191,2/10 Net 30,2026-03-09,2026-03-15
PO-000112,2499468.93,130,Net 30,2026-03-04,2026-03-11
PO-000775,863185.0,183,Net 30,2026-04-11,2026-04-21
PO-000733,122262.89,150,Net 45,2026-04-04,
PO-000554,1991317.31,277,Net 30,2026-03-02,2026-03-02
PO-000333,2457722.38,349,2/10 Net 30,2026-06-04,2026-06-06
PO-000123,852925.22,391,Net 30,2026-06-01,2026-05-29
PO-000612,1135359.91,464,Net 60,2026-04-09,2026-04-08
PO-000811,652794.7,34,Net 60,2026-04-27,2026-04-29
PO-000830,756617.14,203,Net 30,2026-03-11,2026-03-17
PO-000094,2278989.87,494,Net 45,2026-02-11,2026-02-07
PO-000589,645502.89,131,2/10 Net 30,2026-04-18,2026-04-25
PO-000381,116727.65,410,Net 60,2026-02-22,2026-02-22
PO-000773,2444468.47,165,Net 45,2026-06-04,2026-05-26
PO-000092,2327469.56,269,Net 45,2026-04-02,2026-04-02
PO-000834,1532522.46,390,Net 45,2026-02-12,2026-02-09
PO-000548,1838461.78,243,2/10 Net 30,2026-03-08,2026-03-11
PO-000090,2389743.98,231,Net 60,2026-02-11,2026-02-15
PO-000334,1617407.18,180,Net 45,2026-04-23,2026-04-30
PO-000578,1831236.45,282,2/10 Net 30,2026-04-26,2026-05-06
PO-000459,2245353.94,321,2/10 Net 30,2026-02-15,2026-02-10
PO-000867,853665.28,471,Net 60,2026-02-14,2026-02-13
PO-000592,1152706.64,374,2/10 Net 30,2026-04-20,2026-04-14
PO-000047,888493.8,5,Net 30,2026-03-31,2026-04-02
PO-000921,411229.54,32,Net 60,2026-04-15,2026-04-22
PO-000760,501058.61,433,Net 45,2026-04-15,2026-04-25
PO-000428,393814.7,352,Net 30,2026-03-06,2026-03-09
PO-000529,2171946.5,523,Net 30,2026-05-02,2026-05-08
PO-000702,1611857.74,211,2/10 Net 30,2026-03-25,
PO-000368,259730.91,580,2/10 Net 30,2026-03-28,2026-03-29
PO-000627,1926357.97,267,Net 60,2026-04-25,2026-04-28
PO-000270,1930951.96,296,Net 60,2026-03-21,2026-03-21
PO-000943,205326.94,32,Net 30,2026-04-16,2026-04-12
PO-000205,1690039.58,144,Net 45,2026-02-16,2026-02-17
PO-000375,790495.79,308,Net 60,2026-02-28,2026-03-05
PO-000652,2312077.12,19,Net 60,2026-03-07,2026-03-10
PO-000074,1829266.81,159,2/10 Net 30,2026-02-10,2026-02-05
PO-000720,2481496.62,412,Net 60,2026-04-09,
PO-000541,363308.41,621,Net 60,2026-03-27,2026-03-23
PO-000496,1563018.26,33,2/10 Net 30,2026-04-26,2026-04-30
PO-000235,830353.39,94,Net 45,2026-04-24,2026-04-22
PO-000258,2020797.96,471,Net 60,2026-04-14,2026-04-12
PO-000609,1316256.93,440,Net 60,2026-03-05,2026-03-06
PO-000396,1492402.39,323,Net 30,2026-02-10,2026-02-15
PO-000322,2135477.76,35,2/10 Net 30,2026-05-30,2026-05-28
PO-000295,647534.48,113,Net 60,2026-05-30,2026-06-11
PO-000472,198240.26,157,Net 60,2026-05-09,2026-05-14
PO-000082,2152945.51,442,Net 45,2026-05-02,2026-04-29
PO-000441,1059192.09,174,Net 45,2026-03-22,2026-03-28
PO-000222,1638233.36,405,Net 30,2026-04-22,2026-04-24
PO-000159,1943536.46,52,Net 30,2026-03-07,2026-03-15
PO-000517,1426432.66,250,Net 45,2026-02-06,2026-02-16
PO-000509,1329386.8,119,Net 60,2026-05-12,2026-05-18
PO-000617,436947.31,303,Net 45,2026-03-07,2026-03-05
PO-000912,836851.51,71,Net 30,2026-05-21,2026-05-31
PO-000797,1504198.55,444,2/10 Net 30,2026-05-30,2026-06-04
PO-000647,898473.17,44,Net 60,2026-02-12,2026-02-11
PO-000780,250591.68,346,2/10 Net 30,2026-05-14,2026-05-15
PO-000551,1153637.24,157,Net 30,2026-05-04,2026-04-28
PO-000567,1244603.92,415,2/10 Net 30,2026-05-14,2026-05-13
PO-000767,1356324.07,415,Net 45,2026-02-20,2026-02-12
PO-000081,675356.14,287,Net 45,2026-02-17,2026-02-22
PO-000376,2064858.94,379,Net 60,2026-03-25,2026-03-25
PO-000643,2385411.29,419,Net 60,2026-02-24,
PO-000168,1531862.32,294,Net 60,2026-06-06,2026-06-12
PO-000363,2261996.07,390,2/10 Net 30,2026-05-08,2026-05-08
PO-000824,1046118.31,210,Net 60,2026-02-21,2026-02-25
PO-000869,266273.48,274,Net 30,2026-06-06,2026-06-01
PO-000960,1044229.1,294,Net 60,2026-05-04,2026-05-10
PO-000030,1509201.86,123,2/10 Net 30,2026-03-08,2026-03-12
PO-000233,1826918.22,251,Net 60,2026-04-05,2026-04-02
PO-000996,683620.7,129,2/10 Net 30,2026-02-25,2026-03-01
PO-000726,1849770.13,115,2/10 Net 30,2026-06-01,2026-06-03
PO-000405,1395431.47,245,2/10 Net 30,2026-02-21,2026-02-23
PO-000840,2087466.67,384,2/10 Net 30,2026-04-07,2026-04-08
PO-000524,1905201.28,321,Net 30,2026-03-30,2026-03-29
PO-000728,1612142.22,15,Net 60,2026-05-25,
PO-000632,2008098.56,95,Net 60,2026-02-10,2026-02-12
PO-000373,187625.67,259,Net 30,2026-04-27,2026-04-26
PO-000036,1332704.14,468,Net 30,2026-02-25,2026-03-01
PO-000102,2265687.25,419,Net 45,2026-05-12,2026-05-08
PO-000096,1458911.41,169,Net 30,2026-02-26,2026-02-19
PO-000014,1285373.52,241,Net 30,2026-04-07,2026-04-04
PO-000889,867236.9,358,2/10 Net 30,2026-04-10,2026-04-12
PO-000480,1349400.47,360,2/10 Net 30,2026-05-26,2026-05-27
PO-000678,1973972.64,327,2/10 Net 30,2026-03-25,2026-03-24
PO-000503,1914452.37,58,Net 60,2026-03-21,2026-03-22
PO-000091,293248.9,461,Net 30,2026-02-16,2026-02-23
PO-000284,1114057.02,275,Net 45,2026-04-25,2026-04-22
PO-000484,657819.2,182,Net 45,2026-03-22,2026-03-26
PO-000882,1463273.06,104,Net 30,2026-04-27,2026-05-06
PO-000920,1925494.58,368,Net 30,2026-02-26,2026-02-27
PO-000582,1103068.5,65,Net 60,2026-05-01,2026-05-03
PO-000156,2172479.98,489,Net 45,2026-02-28,2026-02-24
PO-000328,1995657.84,351,Net 45,2026-05-23,2026-05-25
PO-000816,2067008.14,410,Net 60,2026-04-28,2026-05-03
PO-000292,1692634.42,332,2/10 Net 30,2026-05-02,2026-05-04
PO-000483,934422.87,200,Net 60,2026-02-16,2026-02-13
PO-000680,36752.39,220,2/10 Net 30,2026-03-03,2026-03-05
PO-000683,1198433.71,409,Net 60,2026-03-12,2026-03-12
PO-000423,923903.25,19,Net 60,2026-03-17,2026-03-21
PO-000730,2435659.74,419,Net 45,2026-05-26,
PO-000274,1579054.14,62,Net 45,2026-04-01,2026-04-02
PO-000033,1781801.49,438,Net 60,2026-04-18,2026-04-14
PO-000467,2146325.71,23,2/10 Net 30,2026-04-15,2026-04-13
PO-000922,411229.54,32,Net 60,2026-04-21,2026-04-17
PO-000196,2137541.3,87,Net 60,2026-05-23,2026-05-18
PO-000613,419186.65,356,Net 45,2026-02-13,2026-02-08
PO-000294,805179.37,279,Net 30,2026-02-27,2026-03-03
PO-000312,1848804.61,370,Net 60,2026-02-08,2026-02-14
PO-000766,1230722.69,239,2/10 Net 30,2026-05-15,2026-05-15
PO-000323,2116483.32,320,Net 30,2026-03-25,2026-03-20
PO-000606,1062217.26,4,Net 30,2026-03-24,
PO-000170,439756.67,69,Net 45,2026-04-09,2026-04-13
PO-000079,121372.23,203,Net 60,2026-03-18,2026-03-21
PO-000754,1905803.06,361,Net 45,2026-04-28,2026-05-02
PO-000980,639258.54,46,Net 60,2026-05-15,2026-05-24
PO-000622,1190841.74,244,Net 45,2026-03-02,
PO-000012,1212116.45,145,2/10 Net 30,2026-05-25,2026-05-24
PO-000435,1189935.03,331,Net 30,2026-03-26,2026-03-26
PO-000659,412932.81,125,2/10 Net 30,2026-02-06,
PO-000887,1441220.18,284,Net 45,2026-05-31,2026-06-01
PO-000276,1259734.95,156,Net 45,2026-03-07,2026-03-05
PO-000354,857160.73,566,2/10 Net 30,2026-04-04,2026-04-03
PO-000755,962260.4,234,2/10 Net 30,2026-03-25,2026-03-21
PO-000457,517343.19,109,Net 60,2026-02-25,2026-02-21
PO-000469,303533.1,400,Net 30,2026-03-17,2026-03-17
PO-000908,2059113.76,22,Net 60,2026-04-02,2026-04-04
PO-000218,2218223.67,103,Net 45,2026-04-04,2026-04-08
PO-000965,2250660.92,174,Net 60,2026-04-01,2026-04-05
PO-000116,1568665.34,147,Net 45,2026-04-23,2026-04-22
PO-000174,1219387.93,29,Net 60,2026-04-13,2026-04-11
PO-000935,1268994.69,64,Net 60,2026-06-03,2026-05-31
PO-000809,1973398.84,141,2/10 Net 30,2026-02-19,2026-02-19
PO-000812,817257.47,356,Net 60,2026-06-01,2026-06-09
PO-000991,1251330.72,401,2/10 Net 30,2026-05-23,2026-05-17
PO-000939,1962080.76,367,Net 45,2026-03-27,2026-03-29
PO-000157,1490102.14,383,Net 60,2026-04-05,2026-04-15
PO-000066,701841.23,76,Net 30,2026-05-29,2026-06-03
PO-000296,2584962.66,52,Net 60,2026-05-06,2026-05-10
PO-000072,431361.63,247,2/10 Net 30,2026-05-10,2026-05-18
PO-000192,875890.73,134,2/10 Net 30,2026-04-24,2026-04-24
PO-000016,2522839.54,44,Net 60,2026-05-10,2026-05-14
PO-000286,2571015.81,203,2/10 Net 30,2026-04-02,2026-04-02
PO-000231,1685460.29,102,Net 30,2026-04-12,2026-04-06
PO-000547,2167888.94,196,Net 45,2026-03-13,2026-03-09
PO-000742,556283.44,439,Net 60,2026-03-09,2026-03-10
PO-000214,2402889.54,464,Net 45,2026-05-04,2026-05-12
PO-000358,1754819.6,128,Net 45,2026-03-10,2026-03-12
PO-000545,460349.21,212,Net 60,2026-04-03,2026-04-03
PO-000220,476568.98,280,Net 60,2026-05-17,2026-05-21
PO-000097,952107.58,93,Net 30,2026-05-13,2026-05-09
PO-000538,2242989.7,424,Net 45,2026-05-22,2026-05-24
PO-000675,968632.09,70,Net 30,2026-04-10,2026-04-09
PO-000543,267375.2,115,Net 30,2026-06-08,2026-06-08
PO-000886,999501.09,263,Net 60,2026-03-27,2026-03-19
PO-000237,1480796.45,444,Net 30,2026-04-25,2026-04-20
PO-000843,2453345.52,63,Net 60,2026-04-22,2026-04-14
PO-000370,654401.36,198,Net 60,2026-06-10,2026-06-12
PO-000999,307880.92,72,2/10 Net 30,2026-03-08,2026-03-05
PO-000512,2478661.75,126,Net 60,2026-02-20,2026-02-26
PO-000283,605537.52,484,2/10 Net 30,2026-05-17,2026-05-09
PO-000497,2454198.44,429,Net 30,2026-03-19,2026-03-23
PO-000301,1579357.79,470,Net 30,2026-05-23,2026-05-28
PO-000265,1485787.99,79,Net 45,2026-05-02,2026-04-29
PO-000561,1633365.56,14,Net 60,2026-05-24,2026-05-28
PO-000933,2080656.35,156,Net 45,2026-03-10,2026-03-03
PO-000658,158523.11,141,Net 30,2026-05-17,2026-05-26
PO-000537,690057.76,31,2/10 Net 30,2026-03-20,2026-03-27
PO-000913,853629.51,259,Net 45,2026-05-16,2026-05-17
PO-000565,523022.93,25,2/10 Net 30,2026-05-21,2026-05-27
PO-000494,1461949.8,165,Net 60,2026-02-21,2026-02-21
PO-000973,2097374.14,297,Net 45,2026-04-15,2026-04-16
PO-000444,1965309.77,493,Net 45,2026-03-26,2026-03-30
PO-000813,340662.51,206,Net 30,2026-05-13,2026-05-17
PO-000390,1961001.32,78,Net 60,2026-02-26,2026-03-03
PO-000571,2305738.27,228,2/10 Net 30,2026-02-05,2026-02-15
PO-000335,130792.02,438,Net 60,2026-03-24,2026-03-31
PO-000242,2016789.74,153,Net 45,2026-02-18,2026-02-15
PO-000640,2668.67,20,2/10 Net 30,2026-03-13,
PO-000577,1944587.08,592,Net 30,2026-05-30,2026-05-22
PO-000722,2470961.88,269,Net 45,2026-04-30,2026-05-03
PO-000297,1364748.44,409,Net 45,2026-04-16,2026-04-16
PO-000751,1187051.4,358,Net 45,2026-03-26,2026-03-29
PO-000588,1170955.63,263,2/10 Net 30,2026-05-01,2026-04-27
PO-000686,2144876.32,383,Net 45,2026-03-27,2026-03-27
PO-000401,707431.07,336,Net 45,2026-04-05,2026-04-09
PO-000967,1768167.96,293,Net 30,2026-03-22,2026-03-24
PO-000422,1648703.56,439,Net 60,2026-05-20,2026-05-15
PO-000145,1913601.28,102,Net 30,2026-03-23,2026-03-25
PO-000154,482240.44,499,Net 45,2026-04-28,2026-05-06
PO-000395,660966.87,98,Net 45,2026-03-20,2026-03-25
PO-000971,301147.8,480,Net 30,2026-03-26,2026-03-30
PO-000591,1436908.31,333,Net 45,2026-05-21,2026-05-25
PO-000279,917155.84,106,2/10 Net 30,2026-04-02,2026-04-03
PO-000705,1924489.47,25,Net 30,2026-05-19,2026-05-22
PO-000931,1379688.74,267,Net 60,2026-04-20,2026-04-20
PO-000940,1962080.76,367,Net 45,2026-03-23,2026-03-27
PO-000850,1839855.27,472,Net 45,2026-04-29,2026-05-04
PO-000673,1844500.79,446,Net 60,2026-05-11,2026-05-09
PO-000310,323294.86,39,Net 30,2026-03-29,2026-04-02
PO-000942,1456131.43,422,Net 60,2026-03-02,2026-03-09
PO-000782,2101031.03,275,Net 60,2026-05-10,2026-05-06
PO-000799,1250871.2,62,Net 45,2026-04-01,2026-04-04
PO-000988,1017987.62,248,2/10 Net 30,2026-06-09,2026-06-10
PO-000672,2245982.71,118,2/10 Net 30,2026-02-28,2026-02-26
PO-000744,1078403.06,101,Net 30,2026-05-28,2026-05-29
PO-000418,2228296.95,129,2/10 Net 30,2026-05-01,2026-04-30
PO-000879,55031.16,86,Net 45,2026-02-14,2026-02-14
PO-000155,2184284.09,408,2/10 Net 30,2026-03-06,2026-03-03
PO-000129,190423.11,204,Net 60,2026-03-11,2026-03-09
PO-000810,2316279.8,171,Net 45,2026-03-04,2026-03-16
PO-000346,1309144.76,484,2/10 Net 30,2026-03-22,2026-03-18
PO-000101,864112.81,485,Net 45,2026-03-28,2026-04-02
PO-000171,2432035.82,388,Net 60,2026-03-29,2026-04-05
PO-000103,1628646.74,265,Net 60,2026-02-18,2026-02-15
PO-000500,2286227.77,226,2/10 Net 30,2026-05-21,2026-05-15
PO-000020,207309.3,120,2/10 Net 30,2026-02-13,2026-02-14
PO-000185,1239848.74,25,2/10 Net 30,2026-04-27,2026-04-24
PO-000037,369761.78,495,Net 30,2026-03-20,2026-04-01
PO-000061,971734.6,76,Net 60,2026-02-26,2026-03-07
PO-000051,2226266.31,132,2/10 Net 30,2026-02-10,2026-02-17
PO-000117,1708397.61,459,Net 45,2026-04-16,2026-04-21
PO-000475,2342015.76,294,Net 60,2026-03-24,2026-04-05
PO-000142,2268007.33,221,Net 30,2026-05-21,2026-05-28
PO-000959,1044229.1,294,Net 60,2026-04-29,2026-05-06
PO-000041,2331511.79,228,Net 45,2026-05-12,2026-05-12
PO-000557,1049244.44,171,Net 30,2026-03-05,2026-03-11
PO-000516,889461.56,63,Net 45,2026-05-09,2026-05-03
PO-000718,370290.87,438,Net 45,2026-04-15,2026-04-14
PO-000796,2409485.33,249,Net 30,2026-02-22,2026-03-07
PO-000716,56860.34,276,Net 45,2026-02-15,2026-02-22
PO-000696,2063534.86,461,2/10 Net 30,2026-05-05,
PO-000528,499613.19,196,Net 60,2026-05-15,2026-05-25
PO-000523,1863414.94,216,Net 60,2026-04-13,2026-04-18
PO-000888,1441220.18,284,Net 45,2026-06-01,2026-06-03
PO-000039,844009.57,42,Net 45,2026-02-21,2026-02-19
PO-000845,1645186.75,169,Net 60,2026-06-02,2026-06-08
PO-000136,927552.43,233,2/10 Net 30,2026-05-26,2026-05-31
PO-000120,931295.88,22,Net 60,2026-03-10,2026-03-07
PO-000768,2200374.11,61,Net 60,2026-04-19,2026-04-27
PO-000558,9330.48,282,2/10 Net 30,2026-05-08,2026-05-08
PO-000818,1530201.9,118,Net 45,2026-02-13,2026-02-09
PO-000392,1041707.31,402,Net 30,2026-03-15,2026-03-07
PO-000990,254222.79,391,Net 30,2026-04-02,2026-03-27
PO-000325,2344794.96,136,Net 30,2026-04-23,2026-04-23
PO-000510,1038253.91,69,Net 45,2026-03-03,2026-03-07
PO-000377,2063364.82,320,Net 30,2026-05-10,2026-05-13
PO-000419,1013133.6,233,Net 45,2026-05-14,2026-05-10
PO-000763,305914.06,251,Net 30,2026-04-02,2026-03-31
PO-000669,836069.43,413,2/10 Net 30,2026-02-09,
PO-000462,1452730.04,184,Net 60,2026-04-19,2026-04-25
PO-000437,1324776.39,111,2/10 Net 30,2026-02-08,2026-02-07
PO-000345,1117762.15,455,Net 60,2026-04-25,2026-04-30
PO-000525,1310857.33,162,Net 30,2026-05-30,2026-05-29
PO-000477,328627.14,338,2/10 Net 30,2026-05-12,2026-05-22
PO-000043,2103652.01,318,Net 30,2026-03-14,2026-03-16
PO-000995,683620.7,129,2/10 Net 30,2026-02-20,2026-02-28
PO-000361,1370572.84,468,Net 60,2026-05-12,2026-05-10
PO-000713,1723022.88,375,2/10 Net 30,2026-04-04,
PO-000303,1773126.07,90,Net 60,2026-03-07,2026-03-14
PO-000535,2416995.04,220,2/10 Net 30,2026-02-04,2026-02-07
PO-000138,824732.05,239,2/10 Net 30,2026-05-25,2026-05-21
PO-000087,1749812.94,230,Net 60,2026-03-12,2026-03-09
PO-000261,1570570.87,402,Net 45,2026-02-15,2026-02-14
PO-000562,123053.89,191,Net 60,2026-05-15,2026-05-20
PO-000161,1488113.12,371,Net 60,2026-02-16,2026-02-20
PO-000774,872517.53,380,Net 45,2026-03-25,2026-03-26
PO-000436,2255010.9,223,Net 30,2026-02-23,2026-02-25
PO-000314,1501740.09,246,2/10 Net 30,2026-05-08,2026-05-11
PO-000224,1494175.31,182,2/10 Net 30,2026-05-21,2026-05-22
PO-000892,580641.73,113,Net 45,2026-03-24,2026-03-26
PO-000241,1958679.78,188,Net 30,2026-04-01,2026-04-02
PO-000463,858069.6,72,Net 30,2026-04-03,2026-04-06
PO-000208,113808.32,224,Net 30,2026-05-09,2026-05-13
PO-000620,958225.9,339,Net 60,2026-04-10,
PO-000213,829684.68,48,Net 60,2026-03-24,2026-03-18
PO-000903,1962322.07,394,Net 45,2026-05-30,2026-06-10
PO-000411,2258914.17,188,Net 60,2026-05-14,2026-05-08
PO-000275,2342539.6,444,Net 30,2026-05-02,2026-04-28
PO-000486,1132191.7,362,2/10 Net 30,2026-03-18,2026-03-20
PO-000507,902634.66,472,Net 30,2026-02-07,2026-02-14
PO-000495,928810.96,35,Net 30,2026-05-09,2026-05-03
PO-000539,382296.51,531,Net 60,2026-05-01,2026-05-02
PO-000383,1826371.41,55,Net 30,2026-05-29,2026-05-29
PO-000987,1017987.62,248,2/10 Net 30,2026-06-02,2026-05-30
PO-000184,2508173.16,267,Net 60,2026-05-09,2026-05-09
PO-000743,325980.52,41,Net 60,2026-04-10,2026-04-09
PO-000532,710391.85,489,Net 30,2026-03-05,2026-03-12
PO-000511,1375138.68,202,Net 60,2026-04-28,2026-04-29
PO-000819,2129651.26,26,Net 30,2026-04-21,2026-04-16
PO-000719,862628.07,158,Net 30,2026-04-09,2026-04-17
PO-000398,1008840.96,155,Net 45,2026-05-10,2026-05-10
PO-000572,2230199.79,328,Net 45,2026-02-15,2026-02-20
PO-000172,1909563.43,40,Net 45,2026-02-05,2026-02-18
PO-000594,195197.06,358,Net 60,2026-03-04,2026-03-12
PO-000482,2367420.3,283,Net 45,2026-05-01,2026-05-07
PO-000820,2395103.14,88,2/10 Net 30,2026-03-22,2026-04-02
PO-000897,252708.86,213,Net 45,2026-02-06,2026-02-05
PO-000961,2084291.82,68,Net 30,2026-03-05,2026-03-07
PO-000521,374375.26,207,Net 60,2026-03-07,2026-03-05
PO-000900,897287.49,134,Net 30,2026-04-22,2026-05-04
PO-000287,2191635.58,285,Net 45,2026-02-28,2026-03-06
PO-000055,1773274.0,60,Net 60,2026-05-16,2026-05-20
PO-000795,341508.36,133,Net 60,2026-03-01,2026-02-23
PO-000336,1433446.44,443,Net 60,2026-03-02,2026-02-25
PO-000153,1775720.73,412,Net 30,2026-03-15,2026-03-13
PO-000817,984038.7,194,2/10 Net 30,2026-02-02,2026-02-02
PO-000549,1142522.61,552,Net 30,2026-06-05,2026-06-05
PO-000671,2237750.4,370,Net 60,2026-04-13,
PO-000048,1667858.96,181,Net 45,2026-05-14,2026-05-09
PO-000251,2055753.93,24,Net 30,2026-05-21,2026-05-22
PO-000440,2010815.74,168,Net 60,2026-04-19,2026-04-23
PO-001000,307880.92,72,2/10 Net 30,2026-03-14,2026-03-18
PO-000384,2289817.65,353,2/10 Net 30,2026-05-08,2026-05-07
PO-000388,715176.99,427,2/10 Net 30,2026-04-17,2026-04-10
PO-000827,959046.89,217,2/10 Net 30,2026-03-01,2026-03-01
PO-000862,1062571.35,49,Net 60,2026-04-09,2026-04-20
PO-000195,1098504.06,336,2/10 Net 30,2026-02-06,2026-02-14
PO-000134,1775020.82,310,Net 30,2026-04-20,2026-04-21
PO-000148,1329088.72,9,Net 45,2026-04-17,2026-04-22
PO-000122,597621.82,331,Net 30,2026-04-23,2026-04-26
PO-000993,1129629.13,1,Net 45,2026-02-27,2026-02-22
PO-000445,1179435.82,279,Net 30,2026-04-09,2026-04-12
PO-000540,1353613.89,501,Net 45,2026-05-12,2026-05-19
PO-000176,909531.61,359,Net 60,2026-05-25,2026-05-26
PO-000382,1326145.69,30,Net 30,2026-04-02,2026-03-31
PO-000379,1755389.09,17,Net 60,2026-02-15,2026-02-10
PO-000246,2317685.45,65,Net 60,2026-03-08,2026-03-07
PO-000468,241206.57,310,2/10 Net 30,2026-04-26,2026-04-26
PO-000313,1439274.71,431,Net 60,2026-04-01,2026-04-06
PO-000985,1232702.11,386,Net 60,2026-03-31,2026-04-03
PO-000347,124047.55,438,Net 30,2026-05-17,2026-05-19
PO-000891,580641.73,113,Net 45,2026-03-28,2026-04-01
PO-000389,141983.63,154,Net 60,2026-03-02,2026-03-08
PO-000859,1307968.6,152,2/10 Net 30,2026-03-30,2026-03-23
PO-000022,2153020.73,225,Net 60,2026-05-22,2026-05-29
PO-000932,1379688.74,267,Net 60,2026-05-03,2026-04-28
PO-000619,2460187.11,496,Net 45,2026-05-22,2026-05-27
PO-000181,1566796.76,480,Net 45,2026-02-12,2026-02-12
PO-000023,1154416.38,307,2/10 Net 30,2026-06-02,2026-06-06
PO-000677,1146718.02,88,2/10 Net 30,2026-02-28,
PO-000183,124870.95,258,Net 60,2026-05-05,2026-05-01
PO-000989,254222.79,391,Net 30,2026-03-27,2026-04-01
PO-000568,1991933.02,431,Net 60,2026-02-23,2026-02-20
PO-000738,2079018.1,408,Net 45,2026-02-16,
PO-000955,1215070.89,406,Net 45,2026-05-24,2026-05-21
PO-000269,1724566.07,448,2/10 Net 30,2026-04-29,2026-05-04
PO-000893,1778607.27,492,Net 45,2026-04-17,2026-04-22
PO-000179,2296821.58,428,2/10 Net 30,2026-06-06,2026-06-09
PO-000291,1811180.55,89,Net 60,2026-04-20,2026-04-22
PO-000203,1448483.01,360,Net 60,2026-05-19,2026-05-25
PO-000204,2087030.63,471,Net 45,2026-05-31,2026-06-10
PO-000740,1199055.82,160,Net 30,2026-03-08,2026-03-19
PO-000941,1456131.43,422,Net 60,2026-03-02,2026-02-24
PO-000369,896817.99,14,2/10 Net 30,2026-02-19,2026-02-19
PO-000600,588485.31,311,Net 45,2026-03-24,2026-03-30
PO-000822,476765.14,442,Net 60,2026-02-22,2026-03-01
PO-000451,12126.3,87,Net 45,2026-04-12,2026-04-19
PO-000298,927398.14,303,2/10 Net 30,2026-06-08,2026-06-08
PO-000146,1943446.04,266,Net 30,2026-04-14,2026-04-13
PO-000118,749147.32,43,Net 60,2026-03-02,2026-03-07
PO-000569,2015205.77,104,2/10 Net 30,2026-06-05,2026-06-05
PO-000031,1081631.16,61,Net 45,2026-03-19,2026-03-23
PO-000701,1844404.26,11,Net 60,2026-04-27,2026-04-26
PO-000076,402801.01,160,Net 45,2026-03-11,2026-03-11
PO-000746,241710.75,64,Net 30,2026-02-14,2026-02-08
PO-000904,1962322.07,394,Net 45,2026-06-10,2026-06-11
PO-000007,2084100.21,285,Net 60,2026-06-04,2026-06-02
PO-000189,1662621.13,21,Net 30,2026-02-14,2026-02-23
PO-000410,353863.98,21,Net 45,2026-06-10,2026-06-10
PO-000211,2012104.25,79,Net 30,2026-03-05,2026-03-05
PO-000385,1032157.31,269,2/10 Net 30,2026-02-13,2026-02-22
PO-000737,851112.57,467,Net 30,2026-05-16,
PO-000715,138056.57,329,Net 45,2026-05-12,2026-05-21
PO-000792,509293.32,212,Net 60,2026-05-01,2026-05-03
PO-000219,1153642.03,295,2/10 Net 30,2026-02-27,2026-02-28
PO-000865,1040920.78,361,Net 45,2026-05-04,2026-05-06
PO-000838,1104078.46,364,Net 30,2026-03-30,2026-03-30
PO-000236,511730.91,326,Net 45,2026-04-03,2026-03-28
PO-000229,1684651.99,347,Net 45,2026-02-23,2026-02-28
PO-000004,614430.8,414,2/10 Net 30,2026-02-12,2026-02-12
PO-000225,2532774.91,221,Net 30,2026-05-21,2026-05-24
PO-000837,1175883.7,84,Net 60,2026-03-10,2026-03-05
PO-000044,710247.86,5,Net 45,2026-02-11,2026-02-17
PO-000466,1054090.91,58,Net 30,2026-02-16,2026-02-19
PO-000108,1567517.46,217,2/10 Net 30,2026-05-22,2026-05-23
PO-000167,1132182.67,480,2/10 Net 30,2026-05-06,2026-05-08
PO-000732,339175.74,84,Net 45,2026-06-01,
PO-000429,1197813.4,309,Net 30,2026-05-13,2026-05-16
PO-000307,796750.75,403,Net 30,2026-05-20,2026-05-26
PO-000631,2394509.45,45,Net 30,2026-02-19,
PO-000344,1770814.86,287,Net 30,2026-03-02,2026-03-07
PO-000881,1463273.06,104,Net 30,2026-04-26,2026-05-01
PO-000779,56080.01,163,Net 30,2026-04-20,2026-04-24
PO-000340,722711.66,365,Net 60,2026-02-11,2026-02-10
PO-000785,1989231.55,334,Net 60,2026-02-25,2026-03-01
PO-000479,1577803.28,244,2/10 Net 30,2026-02-18,2026-02-20
PO-000972,301147.8,480,Net 30,2026-03-30,2026-04-09
PO-000194,2439896.13,297,2/10 Net 30,2026-03-06,2026-03-04
PO-000986,1232702.11,386,Net 60,2026-04-04,2026-04-06
PO-000071,2502854.11,217,Net 45,2026-02-15,2026-02-20
PO-000207,1842748.9,277,Net 30,2026-04-23,2026-05-03
PO-000656,158243.72,104,Net 45,2026-04-15,2026-04-14
PO-000206,1522861.65,386,Net 60,2026-02-18,2026-02-21
PO-000895,1726898.52,45,Net 30,2026-03-11,2026-03-11
PO-000353,745856.53,127,Net 60,2026-04-14,2026-04-13
PO-000433,661669.49,447,Net 60,2026-03-14,2026-03-16
PO-000790,1305912.83,187,2/10 Net 30,2026-04-07,2026-04-06
PO-000758,1646541.38,44,Net 60,2026-05-24,2026-05-24
PO-000520,2174531.39,137,Net 60,2026-03-05,2026-02-27
PO-000244,1863698.51,292,Net 45,2026-04-23,2026-04-28
PO-000059,2522552.47,422,2/10 Net 30,2026-04-08,2026-04-15
PO-000149,2267693.21,401,Net 60,2026-02-23,2026-03-04
PO-000674,1211277.09,456,Net 60,2026-04-11,2026-04-17
PO-000601,528434.58,89,Net 30,2026-04-06,2026-04-11
PO-000839,2167264.81,64,Net 60,2026-04-22,2026-05-02
PO-000930,975288.85,369,Net 30,2026-03-05,2026-03-03
PO-000378,1789925.79,47,Net 30,2026-05-21,2026-05-26
PO-000299,1424847.77,90,2/10 Net 30,2026-04-02,2026-04-01
PO-000352,566051.15,351,2/10 Net 30,2026-04-21,2026-04-20
PO-000878,2145544.3,276,Net 60,2026-05-14,2026-05-19
PO-000317,645862.83,138,Net 60,2026-03-24,2026-04-03
PO-000481,730.82,479,Net 30,2026-03-02,2026-03-01
PO-000151,526853.31,257,Net 60,2026-02-23,2026-03-06
PO-000150,550395.92,294,Net 30,2026-03-08,2026-03-05
PO-000555,1309781.36,172,Net 45,2026-03-10,2026-03-03
PO-000598,761723.06,480,2/10 Net 30,2026-02-08,2026-02-04
PO-000808,526361.03,456,2/10 Net 30,2026-05-18,2026-05-25
PO-000916,614005.47,386,Net 45,2026-03-01,2026-03-11
PO-000668,2306721.26,28,Net 60,2026-03-16,2026-03-15
PO-000526,1059139.74,221,Net 30,2026-05-14,2026-05-18
PO-000447,27270.64,445,Net 45,2026-03-14,2026-03-13
PO-000599,156495.19,554,Net 45,2026-03-24,2026-04-04
PO-000320,2151225.62,347,Net 60,2026-03-16,2026-03-27
PO-000770,781492.96,200,Net 45,2026-04-10,2026-04-11
PO-000062,319098.14,444,Net 30,2026-05-30,2026-06-04
PO-000046,214042.52,196,2/10 Net 30,2026-03-30,2026-03-25
PO-000141,472630.35,181,Net 45,2026-05-31,2026-06-03
PO-000249,258896.36,498,Net 60,2026-04-06,2026-04-17
PO-000191,1361201.63,105,2/10 Net 30,2026-04-21,2026-04-18
PO-000925,2301166.25,359,Net 30,2026-04-15,2026-04-20
PO-000741,1308041.21,497,2/10 Net 30,2026-04-24,
PO-000493,497209.72,343,Net 45,2026-05-28,2026-05-30
PO-000432,2168322.35,114,Net 60,2026-05-14,2026-05-07
PO-000364,2185414.05,467,Net 30,2026-05-01,2026-05-02
PO-000263,424081.15,242,Net 30,2026-02-24,2026-03-05
PO-000522,1262071.0,105,Net 45,2026-04-14,2026-04-10
PO-000653,2267993.61,317,Net 60,2026-05-30,2026-05-28
PO-000130,1756025.3,231,Net 30,2026-04-09,2026-04-06
PO-000587,1896127.16,432,Net 30,2026-04-02,2026-04-04
PO-000884,1079753.99,213,Net 30,2026-02-22,2026-02-18
PO-000608,1762353.92,58,2/10 Net 30,2026-03-21,
PO-000070,1997120.6,416,Net 30,2026-05-26,2026-05-25
PO-000610,2224843.74,46,2/10 Net 30,2026-05-03,
PO-000013,261601.96,24,2/10 Net 30,2026-05-29,2026-06-06
PO-000106,920448.7,75,2/10 Net 30,2026-05-20,2026-05-29
PO-000794,1160667.17,287,Net 30,2026-04-08,2026-04-11
PO-000926,2301166.25,359,Net 30,2026-04-25,2026-04-26
PO-000602,2099986.74,79,2/10 Net 30,2026-04-29,2026-04-27
PO-000981,454053.87,366,Net 45,2026-06-01,2026-05-27
PO-000835,789199.53,252,2/10 Net 30,2026-03-05,2026-03-10
PO-000745,297746.08,130,Net 60,2026-06-01,2026-06-07
PO-000027,74313.03,46,Net 60,2026-04-28,2026-04-24
PO-000692,1397196.75,35,2/10 Net 30,2026-03-25,2026-03-28
PO-000953,1429626.0,21,Net 30,2026-03-29,2026-04-02
PO-000348,509561.55,42,Net 45,2026-04-03,2026-04-06
PO-000104,300012.89,224,Net 30,2026-05-29,2026-05-27
PO-000784,683775.65,291,Net 30,2026-02-27,2026-02-26
PO-000636,1101716.79,252,Net 30,2026-02-13,2026-02-10
PO-000439,1859242.38,3,Net 30,2026-03-22,2026-03-29
PO-000476,388608.27,304,2/10 Net 30,2026-02-07,2026-02-06
PO-000394,2458641.58,46,Net 30,2026-05-18,2026-05-11
PO-000852,1281876.74,251,Net 30,2026-04-19,2026-04-16
PO-000011,1189891.98,391,Net 30,2026-03-09,2026-03-09
PO-000639,1818999.11,398,Net 60,2026-04-13,
PO-000883,1079753.99,213,Net 30,2026-02-23,2026-02-23
PO-000982,454053.87,366,Net 45,2026-05-30,2026-06-03
PO-000239,73784.04,390,Net 60,2026-05-05,2026-05-09
PO-000421,26973.91,152,2/10 Net 30,2026-02-22,2026-02-16
PO-000633,1651364.38,39,2/10 Net 30,2026-03-17,2026-03-25
PO-000099,440836.94,426,Net 30,2026-03-13,2026-03-06
PO-000412,486218.38,114,2/10 Net 30,2026-03-17,2026-03-16
PO-000391,1848861.45,517,Net 30,2026-05-08,2026-05-13
PO-000302,839291.11,52,2/10 Net 30,2026-04-25,2026-04-22
PO-000846,323735.84,442,Net 30,2026-06-01,2026-06-08
PO-000573,1412574.13,274,Net 45,2026-04-23,2026-04-26
PO-000058,1988697.76,51,Net 60,2026-03-15,2026-03-17
PO-000694,1259163.15,217,Net 45,2026-04-29,2026-05-03
PO-000105,998647.69,198,2/10 Net 30,2026-05-26,2026-05-23
PO-000068,1009528.96,424,Net 45,2026-04-11,2026-04-16
PO-000801,975181.7,384,Net 45,2026-03-05,2026-03-02
PO-000798,992539.18,430,2/10 Net 30,2026-03-05,2026-03-03
PO-000626,638732.13,300,2/10 Net 30,2026-04-16,
PO-000309,2148086.82,18,Net 60,2026-05-01,2026-04-30
PO-000057,282704.0,251,Net 45,2026-03-20,2026-03-16
PO-000453,608561.5,172,Net 60,2026-03-02,2026-03-04
PO-000064,1264841.76,56,2/10 Net 30,2026-04-09,2026-04-15
PO-000870,266273.48,274,Net 30,2026-06-02,2026-06-10
PO-000871,1150677.46,208,Net 30,2026-02-15,2026-02-20
PO-000711,2319564.32,80,Net 45,2026-06-10,
PO-000321,275566.95,217,Net 45,2026-05-26,2026-06-05
PO-000387,1592375.15,289,Net 45,2026-05-27,2026-05-26
PO-000035,867590.05,478,Net 30,2026-04-25,2026-05-01
PO-000063,370336.75,27,Net 30,2026-05-25,2026-05-18
PO-000088,1859088.65,303,Net 60,2026-06-03,2026-05-27
PO-000929,975288.85,369,Net 30,2026-03-08,2026-03-08
PO-000593,165616.81,129,Net 60,2026-02-24,2026-02-27
PO-000458,1689692.41,278,Net 30,2026-04-08,2026-03-31
PO-000805,2053502.73,11,2/10 Net 30,2026-03-12,2026-03-23
PO-000098,2261148.76,52,Net 45,2026-04-07,2026-03-30
PO-000450,2287564.93,166,2/10 Net 30,2026-04-22,2026-04-28
PO-000635,1942876.32,196,Net 60,2026-04-14,2026-04-18
PO-000615,68731.57,249,Net 30,2026-05-31,2026-05-24
PO-000075,155431.09,380,Net 45,2026-03-14,2026-03-24
PO-000243,2089191.31,122,Net 60,2026-05-16,2026-05-17
PO-000533,678640.29,362,2/10 Net 30,2026-02-07,2026-02-06
PO-000342,865698.18,378,Net 45,2026-06-03,2026-06-09
PO-000056,390531.2,233,Net 45,2026-04-22,2026-04-25
PO-000349,2053102.61,87,Net 60,2026-03-28,2026-04-02
PO-000245,584177.4,137,Net 45,2026-02-14,2026-02-15
PO-000485,2022117.22,231,2/10 Net 30,2026-05-11,2026-05-11
PO-000111,167977.18,270,2/10 Net 30,2026-04-02,2026-04-02
PO-000254,1609393.25,1,Net 45,2026-05-07,2026-05-08
PO-000257,344031.62,272,2/10 Net 30,2026-03-31,2026-04-01
PO-000821,1933511.62,476,2/10 Net 30,2026-04-06,2026-04-08
PO-000806,632830.75,197,Net 30,2026-04-25,2026-05-02
PO-000607,1027389.12,280,Net 45,2026-03-21,
PO-000025,998383.43,143,2/10 Net 30,2026-05-17,2026-05-11
PO-000844,72671.82,236,Net 60,2026-02-23,2026-02-26
PO-000492,2340570.01,78,2/10 Net 30,2026-03-22,2026-03-22
PO-000029,106596.48,137,2/10 Net 30,2026-03-28,2026-03-31
PO-000100,675334.01,384,Net 30,2026-02-25,2026-03-02
PO-000911,836851.51,71,Net 30,2026-05-25,2026-05-24
PO-000642,2110200.86,400,Net 45,2026-02-27,2026-02-22
PO-000065,148423.17,246,Net 45,2026-02-20,2026-02-24
PO-000319,2213502.56,244,2/10 Net 30,2026-03-28,2026-03-25
PO-000338,750100.18,267,2/10 Net 30,2026-02-26,2026-02-18
PO-000169,863838.82,258,2/10 Net 30,2026-02-05,2026-02-14
PO-000202,517215.09,351,2/10 Net 30,2026-02-17,2026-02-18
PO-000256,298784.05,189,Net 60,2026-02-12,2026-02-16
PO-000077,1408445.43,346,Net 30,2026-05-30,2026-06-02
PO-000434,330966.89,11,Net 60,2026-05-16,2026-05-18
PO-000707,2261825.51,407,Net 45,2026-05-17,2026-05-15
PO-000232,2171920.11,33,Net 45,2026-03-29,2026-03-23
PO-000756,726828.02,438,Net 45,2026-04-10,2026-04-22
PO-000026,226704.69,83,Net 60,2026-04-28,2026-04-25
PO-000586,1490505.35,264,Net 45,2026-03-23,2026-03-19
PO-000957,458101.29,379,Net 30,2026-04-02,2026-04-09
PO-000343,840085.36,154,Net 60,2026-02-22,2026-02-16
PO-000200,1835245.36,413,2/10 Net 30,2026-02-03,2026-02-03
PO-000402,2245754.88,105,Net 45,2026-04-23,2026-04-23
PO-000006,2008062.96,94,2/10 Net 30,2026-04-06,2026-04-13
PO-000324,1847539.93,482,Net 60,2026-05-30,2026-06-02
PO-000460,1441874.63,27,Net 45,2026-04-03,2026-04-04
PO-000857,1170813.82,41,Net 45,2026-02-10,2026-02-08
PO-000431,1498594.13,261,Net 45,2026-03-17,2026-03-14
PO-000890,867236.9,358,2/10 Net 30,2026-04-16,2026-04-14
PO-000049,1740111.98,159,Net 60,2026-02-22,2026-03-03
PO-000230,2246177.32,119,2/10 Net 30,2026-02-22,2026-02-22
PO-000739,1890888.71,59,Net 60,2026-04-11,2026-04-11
PO-000045,2619135.41,154,Net 30,2026-03-17,2026-03-20
PO-000778,1420339.49,462,Net 60,2026-04-10,2026-04-21
PO-000530,57358.91,91,Net 60,2026-03-03,2026-03-03
PO-000371,2182922.34,234,Net 60,2026-04-03,2026-04-07
PO-000508,1322787.57,443,Net 45,2026-05-25,2026-05-27
PO-000478,2437466.37,295,2/10 Net 30,2026-02-11,2026-02-10
PO-000531,1737830.32,411,Net 60,2026-06-09,2026-06-10
PO-000918,1033816.84,210,2/10 Net 30,2026-02-10,2026-02-17
PO-000125,2571449.14,147,2/10 Net 30,2026-03-09,2026-03-07
PO-000863,41163.6,380,2/10 Net 30,2026-03-12,2026-03-22
PO-000417,1113672.25,420,Net 45,2026-05-02,2026-04-25
PO-000443,1839588.19,480,Net 45,2026-02-15,2026-02-19
PO-000331,399245.72,436,Net 45,2026-03-29,2026-03-30
PO-000054,1028956.43,318,Net 60,2026-02-18,2026-02-12
PO-000666,548580.7,395,Net 60,2026-03-18,2026-03-14
PO-000690,202857.12,451,2/10 Net 30,2026-04-29,2026-05-01
PO-000657,1440129.54,71,2/10 Net 30,2026-04-22,2026-05-01
PO-000438,1914764.3,361,Net 30,2026-02-17,2026-02-22
PO-000974,2097374.14,297,Net 45,2026-04-15,2026-04-18
PO-000465,1388572.45,400,Net 60,2026-04-17,2026-04-27
PO-000574,165999.5,98,Net 60,2026-05-03,2026-05-04
PO-000698,977010.92,92,Net 30,2026-04-28,2026-04-29
PO-000259,1934177.7,180,Net 60,2026-04-11,2026-04-12
PO-000630,1548683.36,30,Net 60,2026-02-11,2026-02-12
PO-000546,2422053.29,526,Net 45,2026-05-02,2026-05-10
PO-000861,1062571.35,49,Net 60,2026-04-09,2026-04-08
PO-000710,1334340.57,63,Net 60,2026-02-11,2026-02-12
PO-000024,2118830.6,295,Net 30,2026-03-23,2026-03-28
PO-000695,1215824.15,270,Net 30,2026-02-23,
PO-000915,614005.47,386,Net 45,2026-03-04,2026-03-10
PO-000281,1302136.18,259,Net 45,2026-05-17,2026-05-25
PO-000802,438298.06,497,Net 60,2026-05-04,2026-05-02
PO-000747,879158.4,47,Net 60,2026-05-24,2026-05-20
PO-000536,1861104.6,12,Net 60,2026-04-24,2026-04-29
PO-000234,1578239.26,417,Net 45,2026-03-17,2026-03-17
PO-000584,1435420.32,70,Net 30,2026-06-02,2026-05-29
PO-000266,1463085.82,201,Net 30,2026-03-23,2026-03-30
PO-000131,1120434.49,467,Net 30,2026-02-12,2026-02-19
PO-000875,2040012.57,357,2/10 Net 30,2026-05-12,2026-05-16
PO-000764,132604.63,35,2/10 Net 30,2026-04-02,2026-04-06
PO-000132,576076.86,486,Net 30,2026-02-06,2026-02-15
PO-000603,39761.64,370,2/10 Net 30,2026-02-15,2026-02-11
PO-000067,1476626.82,233,2/10 Net 30,2026-03-31,2026-04-11
PO-000180,714819.12,178,Net 45,2026-05-17,2026-05-25
PO-000579,1148691.34,406,Net 30,2026-02-13,2026-02-12
PO-000618,1956428.0,121,Net 30,2026-04-09,2026-04-14
PO-000998,703637.57,83,Net 60,2026-03-03,2026-03-08
PO-000944,205326.94,32,Net 30,2026-04-13,2026-04-17
PO-000580,2179751.8,121,2/10 Net 30,2026-04-05,2026-04-12
PO-000757,918919.77,7,Net 45,2026-03-09,2026-03-14
PO-000676,318465.81,355,Net 30,2026-03-26,2026-03-24
PO-000199,14539.77,283,Net 30,2026-04-11,2026-04-19
PO-000566,649520.27,222,Net 30,2026-03-17,2026-03-24
PO-000175,2030669.4,371,Net 30,2026-06-04,2026-06-13
PO-000905,1766159.09,475,Net 60,2026-04-08,2026-04-08
PO-000513,1521229.22,218,Net 30,2026-03-31,2026-04-06
PO-000583,1285394.62,115,2/10 Net 30,2026-04-02,2026-03-30
PO-000285,891890.95,361,2/10 Net 30,2026-03-08,2026-03-18
PO-000114,2009275.47,351,Net 30,2026-04-06,2026-04-16
PO-000406,791352.41,242,Net 30,2026-03-16,2026-03-08
PO-000654,125370.01,158,2/10 Net 30,2026-02-24,2026-02-26
PO-000841,1459076.7,498,Net 45,2026-06-11,2026-06-04
PO-000201,510121.25,182,Net 30,2026-04-30,2026-05-04
PO-000008,595571.45,244,2/10 Net 30,2026-03-19,2026-03-24
PO-000215,1312166.69,33,Net 45,2026-05-16,2026-05-18
PO-000621,136287.3,136,Net 30,2026-02-26,2026-02-28
PO-000724,1775762.39,387,Net 45,2026-02-08,2026-02-07
PO-000962,2084291.82,68,Net 30,2026-03-07,2026-03-10
PO-000505,247334.59,213,Net 45,2026-03-19,2026-03-20
PO-000919,1925494.58,368,Net 30,2026-02-20,2026-02-20
PO-000038,32736.16,74,2/10 Net 30,2026-04-12,2026-04-18
PO-000372,1603690.43,71,2/10 Net 30,2026-02-15,2026-02-25
PO-000506,1515081.08,35,Net 45,2026-06-08,2026-06-14
PO-000240,1453892.52,396,Net 45,2026-03-04,2026-03-04
PO-000923,1005306.04,349,Net 45,2026-03-10,2026-03-10
PO-000736,2058375.38,7,Net 60,2026-05-20,2026-05-21
PO-000828,130755.47,477,2/10 Net 30,2026-05-08,2026-05-12
PO-000311,2416555.17,85,Net 30,2026-03-19,2026-03-17
PO-000641,2261591.55,295,Net 30,2026-06-09,2026-06-09
PO-000629,1115132.54,113,2/10 Net 30,2026-03-06,2026-03-05
PO-000947,1058843.78,226,2/10 Net 30,2026-03-12,2026-03-19
PO-000093,1656099.94,27,2/10 Net 30,2026-02-22,2026-02-26
PO-000197,2512997.68,343,Net 45,2026-06-02,2026-05-29
PO-000937,2457384.93,413,2/10 Net 30,2026-03-08,2026-03-02
PO-000727,2085690.56,242,2/10 Net 30,2026-05-24,2026-05-20
PO-000697,2022085.29,482,Net 45,2026-02-12,2026-02-16
PO-000288,2226015.64,114,Net 30,2026-05-23,2026-05-22
PO-000777,844316.85,11,2/10 Net 30,2026-03-26,2026-04-02
PO-000021,552529.78,77,Net 30,2026-02-08,2026-02-07
PO-000761,1248025.73,392,Net 60,2026-03-09,2026-03-08
PO-000227,2451408.59,44,Net 60,2026-05-24,2026-05-23
PO-000997,703637.57,83,Net 60,2026-03-09,2026-03-01
PO-000975,1228936.86,479,Net 60,2026-06-06,2026-06-02
PO-000198,20320.25,259,Net 60,2026-04-05,2026-04-14
PO-000380,490205.71,55,Net 30,2026-02-06,2026-02-10
PO-000474,313037.26,110,2/10 Net 30,2026-03-11,2026-03-13
PO-000128,2126037.47,14,Net 60,2026-04-24,2026-04-29
PO-000009,542300.06,340,Net 45,2026-03-27,2026-03-28
PO-000963,372881.99,373,Net 60,2026-05-01,2026-05-02
PO-000832,793634.81,272,Net 45,2026-04-12,2026-04-09
PO-000787,1133344.9,391,2/10 Net 30,2026-03-24,2026-04-03
PO-000860,1307968.6,152,2/10 Net 30,2026-03-30,2026-03-23
PO-000182,1848852.63,25,Net 30,2026-05-08,2026-05-09
PO-000397,794988.58,146,Net 30,2026-05-11,2026-05-22
PO-000367,2126753.61,500,Net 60,2026-04-11,2026-04-12
PO-000616,331780.64,144,2/10 Net 30,2026-04-28,2026-05-09
PO-000848,600580.29,395,Net 45,2026-02-13,2026-02-12
PO-000386,1581641.92,108,2/10 Net 30,2026-05-12,2026-05-17
PO-000833,2446302.25,256,Net 45,2026-02-16,2026-02-17
PO-000362,2088162.8,409,2/10 Net 30,2026-04-01,2026-04-12
PO-000127,1867765.48,475,2/10 Net 30,2026-03-10,2026-03-13
PO-000968,1768167.96,293,Net 30,2026-03-22,2026-03-15
PO-000456,2235843.47,151,Net 30,2026-05-17,2026-05-21
PO-000688,2151026.44,37,Net 60,2026-04-22,2026-04-14
PO-000836,1995651.35,28,Net 30,2026-05-09,2026-05-12
PO-000853,1891348.36,416,Net 45,2026-04-22,2026-04-26
PO-000914,853629.51,259,Net 45,2026-05-20,2026-05-25
PO-000032,2600621.46,125,2/10 Net 30,2026-04-11,2026-04-08
PO-000958,458101.29,379,Net 30,2026-04-04,2026-04-16
PO-000080,696406.89,168,Net 45,2026-05-25,2026-05-29
PO-000667,1991634.12,351,2/10 Net 30,2026-02-21,2026-02-16
PO-000665,589479.7,61,Net 45,2026-04-05,
PO-000898,252708.86,213,Net 45,2026-02-11,2026-02-03
PO-000807,971483.3,466,Net 30,2026-04-17,2026-04-14
PO-000084,1072140.21,41,Net 60,2026-04-18,2026-04-16
PO-000552,283372.38,346,2/10 Net 30,2026-03-22,2026-03-26
PO-000403,1676002.65,328,Net 60,2026-05-07,2026-05-09
PO-000781,416984.73,154,Net 60,2026-04-20,2026-04-24
PO-000501,918098.21,2,Net 60,2026-03-01,2026-03-06
PO-000721,1821649.49,213,Net 45,2026-05-18,2026-05-19
PO-000714,770551.46,206,Net 45,2026-03-22,2026-03-20
PO-000917,1033816.84,210,2/10 Net 30,2026-02-16,2026-02-20
PO-000570,810147.64,5,Net 60,2026-05-24,2026-05-25
PO-000424,2203939.18,16,2/10 Net 30,2026-03-12,2026-03-22
PO-000178,2312459.92,448,Net 30,2026-03-30,2026-03-26
PO-000689,1882343.58,358,2/10 Net 30,2026-03-25,2026-03-28
PO-000010,869277.78,360,Net 60,2026-04-09,2026-04-09
PO-000924,1005306.04,349,Net 45,2026-03-09,2026-03-13
PO-000005,1926912.18,45,2/10 Net 30,2026-05-01,2026-05-10
PO-000488,37304.75,80,Net 60,2026-04-24,2026-05-02
PO-000624,955319.23,162,Net 60,2026-03-28,
PO-000003,2129271.8,55,Net 45,2026-04-15,2026-04-19
PO-000945,1315875.88,302,2/10 Net 30,2026-03-29,2026-04-05
PO-000662,317667.6,74,Net 45,2026-03-21,2026-03-20
PO-000137,348319.73,442,2/10 Net 30,2026-03-08,2026-03-09
PO-000709,87205.38,163,Net 30,2026-04-24,
PO-000936,1268994.69,64,Net 60,2026-05-31,2026-06-07
PO-000017,1269047.53,227,Net 60,2026-04-29,2026-05-04
PO-000337,1862811.38,157,2/10 Net 30,2026-03-09,2026-03-09
PO-000614,1183164.75,87,2/10 Net 30,2026-03-25,
PO-000983,645206.76,483,Net 30,2026-02-17,2026-02-20
PO-000471,2170710.0,249,Net 30,2026-02-25,2026-03-01
PO-000216,1860578.22,254,2/10 Net 30,2026-03-25,2026-03-19
PO-000350,1604997.65,207,Net 45,2026-04-15,2026-04-09
PO-000330,1243915.76,192,2/10 Net 30,2026-02-25,2026-03-01
PO-000679,1029534.51,268,Net 60,2026-04-10,2026-04-08
PO-000252,2329599.68,220,Net 60,2026-05-12,2026-05-10
PO-000280,90415.97,119,Net 45,2026-02-14,2026-02-19
PO-000464,699434.01,101,Net 45,2026-03-30,2026-03-31
PO-000725,1384890.38,22,Net 45,2026-02-26,2026-02-21
PO-000771,1384682.85,277,Net 45,2026-03-28,2026-03-29
PO-000268,306936.84,6,Net 30,2026-05-18,2026-05-21
PO-000651,1308037.54,482,Net 45,2026-03-10,
PO-000351,2230069.98,475,Net 30,2026-02-19,2026-02-16
PO-000969,2387943.23,278,Net 45,2026-03-30,2026-03-29
PO-000699,1742856.74,255,2/10 Net 30,2026-05-22,2026-05-24
PO-000906,1766159.09,475,Net 60,2026-04-20,2026-04-23
PO-000326,1395802.1,349,Net 60,2026-03-06,2026-03-12
